{"loss":{"0":0.5376388457,"1":0.2516516319,"2":0.1989071623,"3":0.1755323895,"4":0.1661252249,"5":0.1086261669,"6":0.1041435386,"7":0.1023306689,"8":0.0938175383,"9":0.1069288234,"10":0.0938257054,"11":0.1014535815},"acc":{"0":0.7780952454,"1":0.9038095474,"2":0.926666677,"3":0.9314285517,"4":0.9395238161,"5":0.9604762197,"6":0.9652380943,"7":0.959523797,"8":0.9661904573,"9":0.9652380943,"10":0.96714288,"11":0.9614285827},"val_loss":{"0":0.3481714515,"1":0.2665548704,"2":0.3123925856,"3":0.2411877351,"4":0.2462981371,"5":0.2377796747,"6":0.2467969269,"7":0.2236617483,"8":0.2487475655,"9":0.2250413451,"10":0.2438204039,"11":0.2336144479},"val_acc":{"0":0.8765957355,"1":0.9120567441,"2":0.9120567441,"3":0.9290780425,"4":0.9163120389,"5":0.9234042764,"6":0.9177305102,"7":0.9248226881,"8":0.9205673933,"9":0.931914866,"10":0.9262411594,"11":0.9234042764},"lr":{"0":0.001,"1":0.001,"2":0.001,"3":0.0005,"4":0.0005,"5":0.00025,"6":0.00025,"7":0.000125,"8":0.000125,"9":0.0000625,"10":0.00003125,"11":0.000015625}}