{"loss":{"0":0.867959559,"1":0.6212310791,"2":0.5660670996,"3":0.5247007012,"4":0.5007859468},"acc":{"0":0.6161042452,"1":0.7347143292,"2":0.7577681541,"3":0.7768125534,"4":0.7885065079},"val_loss":{"0":0.547765553,"1":0.4399667382,"2":0.452881813,"3":0.3733513951,"4":0.3711222112},"val_acc":{"0":0.7741432786,"1":0.8333333135,"2":0.803738296,"3":0.8271027803,"4":0.842679143},"lr":{"0":0.001,"1":0.001,"2":0.001,"3":0.0005,"4":0.0005}}