{"loss":{"0":11.0412960052,"1":1.0880365372,"2":1.0871198177,"3":1.0874031782,"4":1.0857518911},"acc":{"0":0.3381222785,"1":0.3668560088,"2":0.3735382557,"3":0.3785499632,"4":0.3912462294},"val_loss":{"0":1.0930238962,"1":1.0824084282,"2":1.0838127136,"3":1.083073616,"4":1.0834197998},"val_acc":{"0":0.277258575,"1":0.3800623119,"2":0.3800623119,"3":0.3800623119,"4":0.3800623119},"lr":{"0":0.001,"1":0.001,"2":0.001,"3":0.0005,"4":0.00025}}