{"loss":{"0":1.2722387314,"1":0.3337523043,"2":0.2598056495,"3":0.1930346489,"4":0.1708574593},"acc":{"0":0.6892749667,"1":0.8653525114,"2":0.8990979195,"3":0.9271633625,"4":0.936852634},"val_loss":{"0":0.3819922209,"1":0.3043950796,"2":0.3078977168,"3":0.2551110983,"4":0.2568975389},"val_acc":{"0":0.8411214948,"1":0.8660436273,"2":0.858255446,"3":0.9034267664,"4":0.9049844146},"lr":{"0":0.001,"1":0.001,"2":0.001,"3":0.0005,"4":0.0005}}