{"loss":{"0":1.3147565126,"1":0.4772866964,"2":0.3845150769,"3":0.3276595473,"4":0.3146629035},"acc":{"0":0.6578683853,"1":0.8145673275,"2":0.8476445079,"3":0.8723688722,"4":0.8757100105},"val_loss":{"0":0.4375515878,"1":0.3517158926,"2":0.3177888691,"3":0.3062621355,"4":0.2817264795},"val_acc":{"0":0.838006258,"1":0.8753893971,"2":0.8769470453,"3":0.8785046935,"4":0.8785046935},"lr":{"0":0.001,"1":0.001,"2":0.001,"3":0.001,"4":0.001}}