{"loss":{"0":0.9861477017,"1":0.3610683084,"2":0.2568387389,"3":0.1389670819,"4":0.0703860521},"acc":{"0":0.6414968371,"1":0.8386234641,"2":0.8904109597,"3":0.9442031384,"4":0.9766120911},"val_loss":{"0":1.414619565,"1":1.2557359934,"2":0.9058778286,"3":2.2008392811,"4":0.4456726313},"val_acc":{"0":0.7819314599,"1":0.7507787943,"2":0.8224298954,"3":0.6183800697,"4":0.8769470453},"lr":{"0":0.0099999998,"1":0.0099999998,"2":0.0099999998,"3":0.0099999998,"4":0.0099999998}}