{"loss":{"0":0.6579390764,"1":0.1046729907,"2":0.0274559893,"3":0.0139466738,"4":0.0078303339},"acc":{"0":0.8118944168,"1":0.9669228196,"2":0.9916471839,"3":0.9956565499,"4":0.9976612329},"val_loss":{"0":2.414147377,"1":0.6026972532,"2":0.4863538742,"3":0.3032889664,"4":0.2381058931},"val_acc":{"0":0.5062305331,"1":0.792834878,"2":0.8753893971,"3":0.9096572995,"4":0.9330217838},"lr":{"0":0.0099999998,"1":0.0099999998,"2":0.0099999998,"3":0.0099999998,"4":0.0099999998}}