{"loss":{"0":0.6614011526,"1":0.0554312207,"2":0.007332908,"3":0.0040108799,"4":0.0038783953},"acc":{"0":0.8316071033,"1":0.9832943678,"2":0.9989976883,"3":0.9986635447,"4":0.9993317723},"val_loss":{"0":1.2506315708,"1":1.4149751663,"2":1.1181907654,"3":1.2610245943,"4":1.3860243559},"val_acc":{"0":0.3551401794,"1":0.3551401794,"2":0.3707165122,"3":0.4158878624,"4":0.2523364425},"lr":{"0":0.0099999998,"1":0.0099999998,"2":0.0099999998,"3":0.0099999998,"4":0.0099999998}}