{"loss":{"0":0.5123438835,"1":0.0430987477,"2":0.0097269369,"3":0.0078114658,"4":0.0032203307},"acc":{"0":0.8653525114,"1":0.9856331348,"2":0.9969930053,"3":0.9973270893,"4":0.999665916},"val_loss":{"0":1.4897327423,"1":2.0187423229,"2":1.3006603718,"3":1.4511219263,"4":1.2025933266},"val_acc":{"0":0.3644859791,"1":0.3551401794,"2":0.3738317788,"3":0.3800623119,"4":0.3753893971},"lr":{"0":0.0099999998,"1":0.0099999998,"2":0.0099999998,"3":0.0099999998,"4":0.0099999998}}