{"loss":{"0":1.2730394602,"1":0.5970462561,"2":0.3685649931,"3":0.2814758122,"4":0.1754898131},"acc":{"0":0.5900434256,"1":0.7307049632,"2":0.8085532784,"3":0.8569996953,"4":0.9351820946},"val_loss":{"0":62.3106002808,"1":6.2582006454,"2":1.3263556957,"3":0.5248152614,"4":0.391092062},"val_acc":{"0":0.4143302143,"1":0.4953271151,"2":0.7336448431,"3":0.8006230593,"4":0.8644859791},"lr":{"0":0.0099999998,"1":0.0099999998,"2":0.0099999998,"3":0.0099999998,"4":0.0099999998}}