{"loss":{"0":0.8917673826,"1":0.1169787794,"2":0.0498574115,"3":0.0134545555,"4":0.0071229739},"acc":{"0":0.8112261891,"1":0.9612429142,"2":0.9906448126,"3":0.9973270893,"4":0.9986635447},"val_loss":{"0":1.0860719681,"1":1.135966897,"2":1.1812729836,"3":1.2002403736,"4":1.236700058},"val_acc":{"0":0.3800623119,"1":0.2959501445,"2":0.2647975087,"3":0.2647975087,"4":0.2647975087},"lr":{"0":0.0099999998,"1":0.0099999998,"2":0.0099999998,"3":0.0099999998,"4":0.0099999998}}