{"loss":{"0":0.8595093489,"1":0.5983935595,"2":0.4835900366,"3":0.4284385741,"4":0.3814596832},"acc":{"0":0.6151019335,"1":0.769127965,"2":0.8175743222,"3":0.8346140981,"4":0.8586702347},"val_loss":{"0":0.6929157972,"1":0.5360742211,"2":0.4547282159,"3":0.4081384242,"4":0.3911214769},"val_acc":{"0":0.7149532437,"1":0.803738296,"2":0.8255451918,"3":0.8551402092,"4":0.8489096761}}