{"loss":{"0":0.9354707003,"1":0.6730123162,"2":0.5714827776,"3":0.5049270391,"4":0.4588409364},"acc":{"0":0.5536251068,"1":0.718008697,"2":0.7684597373,"3":0.7961910963,"4":0.8199131489},"val_loss":{"0":0.7238137722,"1":0.6055108309,"2":0.4977872372,"3":0.4604021609,"4":0.4173517525},"val_acc":{"0":0.7133956552,"1":0.7710280418,"2":0.8193146586,"3":0.8224298954,"4":0.8473520279}}