{"loss":{"0":0.6755992174,"1":0.3102232516,"2":0.2369796634,"3":0.1804610193,"4":0.1446450204},"acc":{"0":0.7347143292,"1":0.8717006445,"2":0.9067825079,"3":0.9331774116,"4":0.9458736777},"val_loss":{"0":0.3541388214,"1":0.2871477306,"2":0.2611143887,"3":0.2178183645,"4":0.2068118006},"val_acc":{"0":0.8504672647,"1":0.8816199303,"2":0.9034267664,"3":0.9080997109,"4":0.9143302441},"lr":{"0":0.001,"1":0.001,"2":0.001,"3":0.001,"4":0.001}}