,loss,acc,val_loss,val_acc,lr
0,0.8679595589637756,0.616104245185852,0.5477655529975891,0.7741432785987854,0.0010000000474974513
1,0.6212310791015625,0.7347143292427063,0.43996673822402954,0.8333333134651184,0.0010000000474974513
2,0.566067099571228,0.7577681541442871,0.4528818130493164,0.8037382960319519,0.0010000000474974513
3,0.5247007012367249,0.7768125534057617,0.37335139513015747,0.827102780342102,0.0005000000237487257
4,0.5007859468460083,0.7885065078735352,0.37112221121788025,0.8426791429519653,0.0005000000237487257
