,loss,acc,val_loss,val_acc,lr
0,11.041296005249023,0.33812227845191956,1.0930238962173462,0.27725857496261597,0.0010000000474974513
1,1.0880365371704102,0.36685600876808167,1.0824084281921387,0.3800623118877411,0.0010000000474974513
2,1.0871198177337646,0.3735382556915283,1.0838127136230469,0.3800623118877411,0.0010000000474974513
3,1.0874031782150269,0.3785499632358551,1.083073616027832,0.3800623118877411,0.0005000000237487257
4,1.0857518911361694,0.3912462294101715,1.0834197998046875,0.3800623118877411,0.0002500000118743628
