,loss,acc,val_loss,val_acc,lr
0,1.2722387313842773,0.6892749667167664,0.3819922208786011,0.84112149477005,0.0010000000474974513
1,0.333752304315567,0.8653525114059448,0.30439507961273193,0.8660436272621155,0.0010000000474974513
2,0.2598056495189667,0.8990979194641113,0.3078977167606354,0.8582554459571838,0.0010000000474974513
3,0.19303464889526367,0.9271633625030518,0.25511109828948975,0.9034267663955688,0.0005000000237487257
4,0.17085745930671692,0.9368526339530945,0.25689753890037537,0.9049844145774841,0.0005000000237487257
