,loss,acc,val_loss,val_acc,lr
0,1.3147565126419067,0.6578683853149414,0.4375515878200531,0.8380062580108643,0.0010000000474974513
1,0.477286696434021,0.8145673274993896,0.35171589255332947,0.8753893971443176,0.0010000000474974513
2,0.38451507687568665,0.8476445078849792,0.31778886914253235,0.8769470453262329,0.0010000000474974513
3,0.327659547328949,0.8723688721656799,0.30626213550567627,0.8785046935081482,0.0010000000474974513
4,0.314662903547287,0.8757100105285645,0.2817264795303345,0.8785046935081482,0.0010000000474974513
