,loss,acc,val_loss,val_acc,lr
0,0.6614011526107788,0.8316071033477783,1.25063157081604,0.35514017939567566,0.009999999776482582
1,0.055431220680475235,0.9832943677902222,1.4149751663208008,0.35514017939567566,0.009999999776482582
2,0.007332907989621162,0.998997688293457,1.1181907653808594,0.37071651220321655,0.009999999776482582
3,0.004010879900306463,0.9986635446548462,1.2610245943069458,0.41588786244392395,0.009999999776482582
4,0.0038783953059464693,0.9993317723274231,1.3860243558883667,0.25233644247055054,0.009999999776482582
