,loss,acc,val_loss,val_acc,lr
0,0.9861477017402649,0.6414968371391296,1.4146195650100708,0.781931459903717,0.009999999776482582
1,0.3610683083534241,0.8386234641075134,1.255735993385315,0.7507787942886353,0.009999999776482582
2,0.25683873891830444,0.8904109597206116,0.9058778285980225,0.822429895401001,0.009999999776482582
3,0.13896708190441132,0.9442031383514404,2.2008392810821533,0.618380069732666,0.009999999776482582
4,0.07038605213165283,0.9766120910644531,0.4456726312637329,0.8769470453262329,0.009999999776482582
