,loss,acc,val_loss,val_acc,lr
0,1.27303946018219,0.5900434255599976,62.31060028076172,0.41433021426200867,0.009999999776482582
1,0.5970462560653687,0.7307049632072449,6.258200645446777,0.4953271150588989,0.009999999776482582
2,0.36856499314308167,0.8085532784461975,1.3263556957244873,0.7336448431015015,0.009999999776482582
3,0.28147581219673157,0.8569996953010559,0.5248152613639832,0.8006230592727661,0.009999999776482582
4,0.17548981308937073,0.9351820945739746,0.39109206199645996,0.8644859790802002,0.009999999776482582
