,loss,acc,val_loss,val_acc,lr
0,0.8917673826217651,0.8112261891365051,1.0860719680786133,0.3800623118877411,0.009999999776482582
1,0.11697877943515778,0.9612429141998291,1.1359668970108032,0.29595014452934265,0.009999999776482582
2,0.04985741153359413,0.9906448125839233,1.1812729835510254,0.26479750871658325,0.009999999776482582
3,0.013454555533826351,0.9973270893096924,1.2002403736114502,0.26479750871658325,0.009999999776482582
4,0.007122973911464214,0.9986635446548462,1.2367000579833984,0.26479750871658325,0.009999999776482582
