,loss,acc,val_loss,val_acc,lr
0,0.5123438835144043,0.8653525114059448,1.4897327423095703,0.3644859790802002,0.009999999776482582
1,0.04309874773025513,0.985633134841919,2.018742322921753,0.35514017939567566,0.009999999776482582
2,0.009726936928927898,0.9969930052757263,1.3006603717803955,0.37383177876472473,0.009999999776482582
3,0.0078114657662808895,0.9973270893096924,1.4511219263076782,0.3800623118877411,0.009999999776482582
4,0.0032203306909650564,0.9996659159660339,1.2025933265686035,0.3753893971443176,0.009999999776482582
