,loss,acc,val_loss,val_acc,lr
0,0.657939076423645,0.811894416809082,2.41414737701416,0.5062305331230164,0.009999999776482582
1,0.10467299073934555,0.9669228196144104,0.6026972532272339,0.7928348779678345,0.009999999776482582
2,0.02745598927140236,0.9916471838951111,0.48635387420654297,0.8753893971443176,0.009999999776482582
3,0.013946673832833767,0.9956565499305725,0.3032889664173126,0.9096572995185852,0.009999999776482582
4,0.007830333895981312,0.9976612329483032,0.2381058931350708,0.9330217838287354,0.009999999776482582
