,loss,acc,val_loss,val_acc
0,0.935470700263977,0.5536251068115234,0.7238137722015381,0.7133956551551819
1,0.6730123162269592,0.7180086970329285,0.6055108308792114,0.7710280418395996
2,0.57148277759552,0.7684597373008728,0.4977872371673584,0.8193146586418152
3,0.5049270391464233,0.7961910963058472,0.46040216088294983,0.822429895401001
4,0.458840936422348,0.8199131488800049,0.41735175251960754,0.8473520278930664
