,loss,acc,val_loss,val_acc
0,0.8595093488693237,0.6151019334793091,0.6929157972335815,0.7149532437324524
1,0.5983935594558716,0.7691279649734497,0.5360742211341858,0.8037382960319519
2,0.4835900366306305,0.8175743222236633,0.45472821593284607,0.8255451917648315
3,0.42843857407569885,0.834614098072052,0.4081384241580963,0.855140209197998
4,0.38145968317985535,0.8586702346801758,0.3911214768886566,0.8489096760749817
